,4147,public,4147-6321-1-PB.pdf,
,4148,public,4148-6324-1-PB.pdf,
,4148,public,4148-6325-1-PB.pdf,
,4149,public,4149-6327-1-PB.pdf,
,4149,public,4149-6328-1-PB.pdf,
,4149,public,4149-6329-1-PB.pdf,
,4150,public,4150-6331-1-PB.pdf,
,4150,public,4150-6332-1-PB.pdf,
,4150,public,4150-6333-1-PB.pdf,
,4151,public,4151-6334-1-PB.pdf,
,4151,public,4151-6335-1-PB.pdf,
,4151,public,4151-6336-1-PB.pdf,
,4151,public,4151-6337-1-PB.pdf,
,4152,public,4152-6338-1-PB.pdf,
,4152,public,4152-6339-1-PB.pdf,
,4152,public,4152-6340-1-PB.pdf,
,4152,public,4152-6341-1-PB.pdf,
,4152,public,4152-6335-1-PB.pdf,
,4153,public,4153-6342-1-PB.pdf,
,4153,public,4153-6343-1-PB.pdf,
,4153,public,4153-6344-1-PB.pdf,
,4153,public,4153-6345-1-PB.pdf,
,4153,public,4153-6336-1-PB.pdf,
,4154,public,4154-6346-1-PB.pdf,
,4154,public,4154-6347-1-PB.pdf,
,4154,public,4154-6348-1-PB.pdf,
,4154,public,4154-6349-1-PB.pdf,
,4154,public,4154-6337-1-PB.pdf,
,4155,public,4155-6350-1-PB.pdf,
,4155,public,4155-6351-1-PB.pdf,
,4155,public,4155-6352-1-PB.pdf,
,4155,public,4155-6353-1-PB.pdf,
,4155,public,4155-6338-1-PB.pdf,
,4156,public,4156-6354-1-PB.pdf,
,4156,public,4156-6355-1-PB.pdf,
,4156,public,4156-6356-1-PB.pdf,
,4156,public,4156-6357-1-PB.pdf,
,4156,public,4156-6339-1-PB.pdf,
,4157,public,4157-6358-1-PB.pdf,
,4157,public,4157-6359-1-PB.pdf,
,4157,public,4157-6360-1-PB.pdf,
,4157,public,4157-6361-1-PB.pdf,
,4157,public,4157-6340-1-PB.pdf,
,4158,public,4158-6362-1-PB.pdf,
,4158,public,4158-6363-1-PB.pdf,
,4158,public,4158-6364-1-PB.pdf,
,4158,public,4158-6365-1-PB.pdf,
,4158,public,4158-6341-1-PB.pdf,
,4159,public,4159-6366-1-PB.pdf,
,4159,public,4159-6367-1-PB.pdf,
,4159,public,4159-6368-1-PB.pdf,
,4159,public,4159-6369-1-PB.pdf,
,4159,public,4159-6342-1-PB.pdf,
,4160,public,4160-6370-1-PB.pdf,
,4160,public,4160-6371-1-PB.pdf,
,4160,public,4160-6372-1-PB.pdf,
,4160,public,4160-6373-1-PB.pdf,
,4160,public,4160-6343-1-PB.pdf,
,4161,public,4161-6374-1-PB.pdf,
,4161,public,4161-6375-1-PB.pdf,
,4161,public,4161-6376-1-PB.pdf,
,4161,public,4161-6377-1-PB.pdf,
,4161,public,4161-6344-1-PB.pdf,
,4162,public,4162-6378-1-PB.pdf,
,4162,public,4162-6379-1-PB.pdf,
,4162,public,4162-6380-1-PB.pdf,
,4162,public,4162-6381-1-PB.pdf,
,4162,public,4162-6345-1-PB.pdf,
,4163,public,4163-6382-1-PB.pdf,
,4163,public,4163-6383-1-PB.pdf,
,4163,public,4163-6384-1-PB.pdf,
,4163,public,4163-6385-1-PB.pdf,
,4163,public,4163-6346-1-PB.pdf,
,4164,public,4164-6386-1-PB.pdf,
,4164,public,4164-6387-1-PB.pdf,
,4164,public,4164-6388-1-PB.pdf,
,4164,public,4164-6389-1-PB.pdf,
,4164,public,4164-6347-1-PB.pdf,
,4165,public,4165-6390-1-PB.pdf,
,4165,public,4165-6391-1-PB.pdf,
,4165,public,4165-6392-1-PB.pdf,
,4165,public,4165-6393-1-PB.pdf,
,4165,public,4165-6348-1-PB.pdf,
,4166,public,4166-6394-1-PB.pdf,
,4166,public,4166-6395-1-PB.pdf,
,4166,public,4166-6396-1-PB.pdf,
,4166,public,4166-6397-1-PB.pdf,
,4166,public,4166-6349-1-PB.pdf,
,4167,public,4167-6398-1-PB.pdf,
,4167,public,4167-6399-1-PB.pdf,
,4167,public,4167-6400-1-PB.pdf,
,4167,public,4167-6401-1-PB.pdf,
,4167,public,4167-6350-1-PB.pdf,
,4168,public,4168-6404-1-PB.pdf,
,4168,public,4168-6405-1-PB.pdf,
,4168,public,4168-6402-1-PB.pdf,
,4168,public,4168-6403-1-PB.pdf,
,4168,public,4168-6351-1-PB.pdf,
,4169,public,4169-6406-1-PB.pdf,
,4169,public,4169-6407-1-PB.pdf,
,4169,public,4169-6408-1-PB.pdf,
,4169,public,4169-6409-1-PB.pdf,
,4169,public,4169-6352-1-PB.pdf,
,4170,public,4170-6410-1-PB.pdf,
,4170,public,4170-6411-1-PB.pdf,
,4170,public,4170-6412-1-PB.pdf,
,4170,public,4170-6413-1-PB.pdf,
,4170,public,4170-6353-1-PB.pdf,
,4171,public,4171-6414-1-PB.pdf,
,4171,public,4171-6415-1-PB.pdf,
,4171,public,4171-6416-1-PB.pdf,
,4171,public,4171-6417-1-PB.pdf,
,4171,public,4171-6354-1-PB.pdf,
,4172,public,4172-6418-1-PB.pdf,
,4172,public,4172-6419-1-PB.pdf,
,4172,public,4172-6420-1-PB.pdf,
,4172,public,4172-6421-1-PB.pdf,
,4172,public,4172-6355-1-PB.pdf,
,4173,public,4173-6422-1-PB.pdf,
,4173,public,4173-6423-1-PB.pdf,
,4173,public,4173-6424-1-PB.pdf,
,4173,public,4173-6425-1-PB.pdf,
,4173,public,4173-6356-1-PB.pdf,
,4174,public,4174-6426-1-PB.pdf,
,4174,public,4174-6427-1-PB.pdf,
,4174,public,4174-6428-1-PB.pdf,
,4174,public,4174-6429-1-PB.pdf,
,4174,public,4174-6357-1-PB.pdf,
,4175,public,4175-6430-1-PB.pdf,
,4175,public,4175-6431-1-PB.pdf,
,4175,public,4175-6432-1-PB.pdf,
,4175,public,4175-6433-1-PB.pdf,
,4175,public,4175-6358-1-PB.pdf,
,4176,public,4176-6434-1-PB.pdf,
,4176,public,4176-6435-1-PB.pdf,
,4176,public,4176-6436-1-PB.pdf,
,4176,public,4176-6437-1-PB.pdf,
,4176,public,4176-6359-1-PB.pdf,
,4177,public,4177-6438-1-PB.pdf,
,4177,public,4177-6439-1-PB.pdf,
,4177,public,4177-6440-1-PB.pdf,
,4177,public,4177-6441-1-PB.pdf,
,4177,public,4177-6360-1-PB.pdf,
,4178,public,4178-6442-1-PB.pdf,
,4178,public,4178-6443-1-PB.pdf,
,4178,public,4178-6444-1-PB.pdf,
,4178,public,4178-6445-1-PB.pdf,
,4178,public,4178-6361-1-PB.pdf,
,4179,public,4179-6446-1-PB.pdf,
,4179,public,4179-6447-1-PB.pdf,
,4179,public,4179-6448-1-PB.pdf,
,4179,public,4179-6449-1-PB.pdf,
,4179,public,4179-6362-1-PB.pdf,
,4180,public,4180-6450-1-PB.pdf,
,4180,public,4180-6451-1-PB.pdf,
,4180,public,4180-6452-1-PB.pdf,
,4180,public,4180-6453-1-PB.pdf,
,4180,public,4180-6363-1-PB.pdf,
,4181,public,4181-6454-1-PB.pdf,
,4181,public,4181-6455-1-PB.pdf,
,4181,public,4181-6456-1-PB.pdf,
,4181,public,4181-6457-1-PB.pdf,
,4181,public,4181-6364-1-PB.pdf,
,4182,public,4182-6458-1-PB.pdf,
,4182,public,4182-6459-1-PB.pdf,
,4182,public,4182-6460-1-PB.pdf,
,4182,public,4182-6461-1-PB.pdf,
,4182,public,4182-6365-1-PB.pdf,
,4183,public,4183-6462-1-PB.pdf,
,4183,public,4183-6463-1-PB.pdf,
,4183,public,4183-6464-1-PB.pdf,
,4183,public,4183-6465-1-PB.pdf,
,4183,public,4183-6366-1-PB.pdf,
,4184,public,4184-6466-1-PB.pdf,
,4184,public,4184-6467-1-PB.pdf,
,4184,public,4184-6468-1-PB.pdf,
,4184,public,4184-6469-1-PB.pdf,
,4184,public,4184-6367-1-PB.pdf,
,4185,public,4185-6470-1-PB.pdf,
,4185,public,4185-6471-1-PB.pdf,
,4185,public,4185-6472-1-PB.pdf,
,4185,public,4185-6473-1-PB.pdf,
,4185,public,4185-6368-1-PB.pdf,
,4186,public,4186-6474-1-PB.pdf,
,4186,public,4186-6475-1-PB.pdf,
,4186,public,4186-6476-1-PB.pdf,
,4186,public,4186-6477-1-PB.pdf,
,4186,public,4186-6369-1-PB.pdf,
,4187,public,4187-6478-1-PB.pdf,
,4187,public,4187-6479-1-PB.pdf,
,4187,public,4187-6480-1-PB.pdf,
,4187,public,4187-6481-1-PB.pdf,
,4187,public,4187-6370-1-PB.pdf,
,4188,public,4188-6482-1-PB.pdf,
,4188,public,4188-6483-1-PB.pdf,
,4188,public,4188-6484-1-PB.pdf,
,4188,public,4188-6485-1-PB.pdf,
,4188,public,4188-6371-1-PB.pdf,
,4189,public,4189-6388-1-PB.pdf,
,4189,public,4189-6389-1-PB.pdf,
,4189,public,4189-6390-1-PB.pdf,
,4190,public,4190-6392-1-PB.pdf,
,4190,public,4190-6393-1-PB.pdf,
,4190,public,4190-6394-1-PB.pdf,
,4191,public,4191-6396-1-PB.pdf,
,4191,public,4191-6397-1-PB.pdf,
,4191,public,4191-6398-1-PB.pdf,
,4192,public,4192-6400-1-PB.pdf,
,4192,public,4192-6401-1-PB.pdf,
,4192,public,4192-6402-1-PB.pdf,
,4193,public,4193-6404-1-PB.pdf,
,4193,public,4193-6405-1-PB.pdf,
,4193,public,4193-6406-1-PB.pdf,
,4194,public,4194-6408-1-PB.pdf,
,4194,public,4194-6409-1-PB.pdf,
,4194,public,4194-6410-1-PB.pdf,
,4195,public,4195-6412-1-PB.pdf,
,4195,public,4195-6413-1-PB.pdf,
,4195,public,4195-6414-1-PB.pdf,
,4196,public,4196-6415-1-PB.pdf,
,4197,public,4197-6416-1-PB.pdf,
,4198,public,4198-6417-1-PB.pdf,
,4199,public,4199-6418-1-PB.pdf,
,4200,public,4200-6419-1-PB.pdf,
,4201,public,4201-6420-1-PB.pdf,
,4202,public,4202-6421-1-PB.pdf,
,4203,public,4203-6422-1-PB.pdf,
,4204,public,4204-6423-1-PB.pdf,
,4205,public,4205-6424-1-PB.pdf,
,4206,public,4206-6425-1-PB.pdf,
,4207,public,4207-6426-1-PB.pdf,
,4208,public,4208-6427-1-PB.pdf,
,4209,public,4209-6428-1-PB.pdf,
,4210,public,4210-6429-1-PB.pdf,
,4211,public,4211-6430-1-PB.pdf,
,4212,public,4212-6431-1-PB.pdf,
,4213,public,4213-6432-1-PB.pdf,
,4214,public,4214-6433-1-PB.pdf,
,4215,public,4215-6434-1-PB.pdf,
,4216,public,4216-6435-1-PB.pdf,